{"cameraMode":{"drawMode":0,"name":"Shaded","section":"Shading Mode"},"sceneLighting":true,"audioPlay":false,"sceneViewState":{"showFog":true,"showMaterialUpdate":false,"showSkybox":true,"showFlares":true,"showImageEffects":true,"showParticleSystems":true},"in2DMode":false,"pivot":{"x":-0.0011605918407440186,"y":1.2215378284454346,"z":4.089348793029785},"rotation":{"x":0.01168587151914835,"y":0.02759040705859661,"z":0.0002901957486756146,"w":-0.999550998210907},"size":6.518806457519531,"orthographic":false}